City,Longitude,Latitude,Max Temperature,Humidity,Cloudiness,Wind Speed,Country,Date Time
dikson,80.5464,73.5069,-4.56,92,100,18.63,RU,1643662122
mys shmidta,26.891,-33.5906,75.6,94,100,7.78,ZA,1643661943
port alfred,13.2343,-8.8368,78.8,78,0,9.22,AO,1643662014
luanda,-73.9662,42.6001,29.25,41,9,1.01,US,1643662704
albany,-68.5145,63.7506,-27.31,74,20,1.99,CA,1643662408
iqaluit,-27.0667,38.7333,59.76,88,40,20.47,PT,1643662001
praia da vitoria,-134.9692,-23.1203,77.49,65,99,4.54,PF,1643662499
rikitea,-12.505,7.5264,78.76,84,41,9.37,SL,1643662576
bonthe,77.6646,54.1001,10.58,96,90,8.97,RU,1643662705
bagan,-72.4167,-35.3333,67.37,58,0,14.92,CL,1643662149
constitucion,115.3333,-33.65,58.05,63,30,15.37,AU,1643662705
busselton,-133.0374,69.4541,-13.0,70,75,6.91,CA,1643662705
tuktoyaktuk,150.7967,-2.5744,80.31,79,100,7.74,PG,1643662706
kavieng,-173.3,64.3833,3.83,78,95,20.74,RU,1643662114
provideniya,147.3294,-42.8794,71.26,84,20,3.0,AU,1643662706
hobart,-73.8203,-41.8697,64.42,66,2,10.78,CL,1643661998
ancud,172.7902,3.0707,81.34,78,96,14.83,KI,1643662138
butaritari,-99.8901,16.8634,83.17,57,0,10.96,MX,1643662123
acapulco,81.0453,49.5886,-1.91,91,73,6.17,KZ,1643662707
illoqqortoormiut,-120.4579,34.6391,68.11,61,0,3.44,US,1643662139
shar,-77.6328,49.7502,1.51,60,0,9.22,CA,1643662707
sorvag,-56.1549,72.7868,-19.95,100,87,2.84,GL,1643662142
lompoc,-175.2,-21.2,79.81,75,100,14.41,TO,1643662121
matagami,-156.7887,71.2906,-12.98,77,0,9.22,US,1643662115
upernavik,-17.1,32.6667,66.0,57,37,13.06,PT,1643662428
vaini,15.1594,-26.6481,66.15,85,8,1.68,NA,1643662215
barrow,168.3333,-46.6,66.79,83,25,4.27,NZ,1643662109
ponta do sol,-58.2856,-33.9892,80.13,33,3,10.74,UY,1643662494
barentsburg,-50.2056,-30.1811,77.32,73,46,7.65,BR,1643662017
luderitz,125.4092,-8.9266,59.77,88,90,4.14,TL,1643662136
bluff,147.9167,70.6333,-17.81,97,100,1.97,RU,1643662708
carmelo,20.0403,-34.5322,74.28,88,69,8.05,ZA,1643662093
cidreira,-68.3,-54.8,53.22,66,40,23.02,AR,1643662708
airai,44.7417,43.0645,28.54,92,97,8.95,RU,1643662648
chokurdakh,-65.7125,66.1451,-27.4,75,20,0.0,CA,1643662119
bredasdorp,147.0587,-42.7826,69.75,76,16,3.04,AU,1643662123
ushuaia,168.8643,-46.1927,67.48,67,38,1.81,NZ,1643662709
oktyabrskoye,-97.8558,55.7435,1.56,78,100,6.91,CA,1643662119
pangnirtung,-70.9167,-53.15,50.11,71,75,39.12,CL,1643662709
new norfolk,-75.833,42.2506,31.01,51,8,1.99,US,1643662710
mataura,-17.9182,28.6585,58.75,72,4,5.01,ES,1643662705
thompson,-25.4333,37.7167,60.19,80,47,15.46,PT,1643662156
tsihombe,129.4833,28.3667,52.23,67,36,7.61,JP,1643662194
punta arenas,-35.2225,-9.0122,80.51,75,10,7.9,BR,1643662564
broome,153.6167,-28.65,78.87,86,26,2.62,AU,1643662770
los llanos de aridane,57.5167,-20.5167,80.98,74,75,18.41,MU,1643662770
gurskoye,-72.4445,11.7751,84.31,70,3,18.79,CO,1643662771
vila franca do campo,-56.0628,-34.6469,74.71,39,3,11.03,UY,1643662771
naze,25.5701,-33.918,76.1,94,75,9.22,ZA,1643662065
maragogi,27.9116,-33.0153,77.07,81,100,2.64,ZA,1643662416
byron bay,-35.4608,-5.1989,85.1,74,33,14.07,BR,1643662230
souillac,31.1107,70.3705,15.55,85,0,21.85,NO,1643662771
manaure,145.7667,-16.9167,79.07,97,93,3.44,AU,1643662772
sauce,127.7558,26.1842,58.28,67,73,6.91,JP,1643662736
port elizabeth,-52.0986,-32.035,80.71,77,29,20.09,BR,1643662540
east london,-79.2353,42.097,33.3,82,29,2.28,US,1643662761
touros,156.125,50.6789,28.56,73,100,18.5,RU,1643662772
vardo,69.9,60.05,6.55,97,100,2.62,RU,1643662773
cairns,-159.775,-21.2078,82.45,78,75,11.5,CK,1643662773
nishihara,-41.3,-21.75,84.25,65,20,6.91,BR,1643662604
rio grande,-52.3333,4.9333,82.44,82,75,5.01,GF,1643662477
jamestown,-50.0119,-24.7911,74.95,72,13,2.82,BR,1643662773
severo-kurilsk,-159.319,22.0752,77.47,59,100,1.01,US,1643662774
gornopravdinsk,143.3,59.3833,4.35,75,86,17.31,RU,1643662774
avarua,36.4,15.451,69.98,19,0,13.09,SD,1643662774
campos,-57.5575,-38.0023,68.02,54,0,11.99,AR,1643662521
cayenne,-46.05,60.9167,23.04,95,100,9.75,GL,1643662714
taolanaro,-139.0333,-9.8,78.48,76,19,21.59,PF,1643662775
castro,18.4232,-33.9258,77.11,78,0,1.01,ZA,1643662724
kapaa,128.8694,71.6872,-11.43,99,100,6.82,RU,1643662621
okhotsk,169.8464,-46.2817,65.53,71,32,2.62,NZ,1643662775
kassala,-100.9667,25.55,73.65,21,0,11.56,MX,1643662775
mar del plata,-110.9667,29.0667,78.24,16,11,8.01,MX,1643662565
narsaq,27.4116,-24.5917,67.21,54,20,5.06,ZA,1643662776
atuona,30.7792,28.419,51.48,68,20,5.68,EG,1643662776
cape town,70.8333,66.8333,-15.83,100,93,5.44,RU,1643662180
attawapiskat,-114.3525,62.456,-6.59,82,20,9.22,CA,1643662777
tiksi,25.0972,-30.72,63.43,92,100,7.94,ZA,1643662777
kaitangata,167.55,-13.8833,81.84,75,100,13.94,VU,1643662777
ramos arizpe,-115.95,30.4833,64.92,50,66,10.2,MX,1643662777
hermosillo,-1.1494,60.1545,39.2,97,100,11.79,GB,1643662205
thabazimbi,117.0645,7.9868,80.94,78,82,13.04,PH,1643662778
matay,159.95,-9.4333,81.34,82,98,2.15,SB,1643662067
yar-sale,25.678,8.4596,70.52,20,83,5.28,SS,1643662778
warqla,88.3972,69.4865,6.21,95,100,8.81,RU,1643662758
yellowknife,17.9891,51.2784,31.32,95,87,5.44,PL,1643662779
colesberg,121.9,-33.8667,60.64,57,91,15.32,AU,1643662779
sola,-147.7164,64.8378,-6.75,72,0,0.0,US,1643662495
san quintin,-89.5746,44.5236,31.05,58,0,13.8,US,1643662607
lerwick,-106.7783,32.3123,64.51,25,0,1.99,US,1643662792
balabac,167.6833,-46.1333,68.83,73,50,1.79,NZ,1643662840
honiara,-97.5169,28.017,70.54,88,100,9.4,US,1643662840
raga,42.4509,18.3851,53.85,79,2,6.17,SA,1643662840
talnakh,-53.4616,-33.6971,69.85,56,50,16.51,UY,1643662840
kepno,-40.0128,-11.3811,81.68,51,12,4.29,BR,1643662841
esperance,122.6711,10.9995,74.79,92,100,7.81,PH,1643662646
fairbanks,-55.0833,5.8833,82.02,83,100,11.3,SR,1643662841
vaitupu,102.2655,-3.8004,75.65,86,99,3.2,ID,1643662841
amderma,169.2667,-19.55,77.4,92,100,11.34,VU,1643662842
stevens point,57.7,-20.4081,80.26,80,36,24.09,MU,1643662842
sentyabrskiy,57.6608,-20.0064,80.38,70,25,8.99,MU,1643662842
las cruces,-109.9124,22.8909,79.52,56,1,1.99,MX,1643662703
tuatapere,-69.3632,77.484,-21.33,44,0,7.9,GL,1643662843
san patricio,55.7679,-21.3585,78.39,80,96,15.19,RE,1643662843
faya,-71.3436,-29.9533,67.23,74,75,6.62,CL,1643662844
chuy,150.8552,-34.5833,73.8,91,15,5.99,AU,1643662844
capim grosso,-15.2082,64.2539,29.97,84,100,2.28,IS,1643662844
dingle,-58.7368,-38.5473,70.03,39,100,7.05,AR,1643662812
nieuw amsterdam,-73.414,41.3712,30.6,43,95,2.08,US,1643662845
bengkulu,-77.6139,-11.0964,74.53,73,100,10.11,PE,1643662845
isangel,17.9442,-33.0117,80.65,71,14,3.4,ZA,1643662723
mahebourg,124.6697,5.9622,77.88,81,100,3.87,PH,1643662846
grand gaube,-94.3986,35.3859,70.88,32,0,1.99,US,1643662846
cabo san lucas,-28.7,38.5167,61.2,72,20,20.71,PT,1643662846
chaa-khol,-42.0278,-22.9661,77.16,86,100,7.0,BR,1643662847
qaanaaq,22.4,39.7167,43.07,68,100,1.34,GR,1643662847
saint-philippe,113.6333,-24.8667,78.15,74,0,19.17,AU,1643662847
coquimbo,161.3,68.75,-16.85,96,100,3.49,RU,1643662848
flinders,19.2345,-34.4187,75.9,81,19,11.68,ZA,1643662848
hofn,-25.6667,37.7333,60.49,77,20,9.22,PT,1643662659
necochea,-155.09,19.7297,80.26,65,33,8.01,US,1643662750
bethel,-135.0107,68.2191,2.89,84,100,13.18,CA,1643662848
hualmay,-27.9833,39.05,58.64,77,21,24.18,PT,1643662849
saldanha,57.7575,-20.3428,80.22,79,27,24.23,MU,1643662849
tambilil,-149.2667,-17.8333,78.76,78,41,19.93,PF,1643662849
fort smith,-73.65,-37.6167,61.18,66,0,19.33,CL,1643662850
ribeira grande,-11.8332,7.6244,76.3,82,53,4.09,SL,1643662850
arraial do cabo,-46.6172,-7.3619,78.06,79,44,4.14,BR,1643662850
falanna,-124.1573,40.5982,54.48,75,20,3.0,US,1643662851
carnarvon,52.3409,35.2182,45.45,32,100,4.14,IR,1643662851
cherskiy,69.6492,34.855,34.32,49,0,8.34,AF,1643662851
hermanus,31.8996,54.4299,24.78,98,100,3.85,RU,1643662623
ponta delgada,94.5333,26.3333,42.17,92,65,2.01,IN,1643662852
hilo,10.7288,10.3744,68.22,20,1,9.93,NG,1643662852
aklavik,23.3716,-34.0527,74.75,74,100,4.9,ZA,1643662852
lagoa,16.341,-9.5402,63.82,98,100,4.0,AO,1643662913
bambous virieux,-2.2,53.55,45.99,87,93,12.15,GB,1643662806
jahrom,-71.6273,-33.0393,69.44,68,0,8.05,CL,1643662653
teahupoo,68.3333,51.8,16.97,92,100,12.86,KZ,1643662913
lebu,150.4667,-35.35,73.09,82,1,1.74,AU,1643662913
mattru,-135.33,57.0531,35.04,98,94,4.54,US,1643662914
riachao,170.5036,-45.8742,66.79,76,69,5.99,NZ,1643662887
karkaralinsk,40.1466,46.8806,35.15,91,100,11.34,RU,1643662914
fortuna,77.5667,8.0833,77.65,82,0,16.31,IN,1643662914
garmsar,21.2088,5.0267,77.31,23,70,0.81,CF,1643662915
tagab,73.0833,-0.6,82.4,72,32,9.35,MV,1643662915
sobolevo,-84.5333,39.1834,42.24,54,45,1.01,US,1643662692
mokokchung,55.6167,-21.3667,77.38,80,97,15.95,RE,1643662692
bara,-126.8329,65.282,3.63,93,100,13.0,CA,1643662916
plettenberg bay,121.1417,41.1078,10.45,68,49,9.35,CN,1643662825
malanje,-68.5914,70.4692,-30.77,68,0,3.44,CA,1643662859
middleton,170.3133,69.7008,-16.67,96,100,0.11,RU,1643662916
valparaiso,81.1185,6.1241,75.76,81,4,15.97,LK,1643662916
atbasar,140.3,35.1333,40.19,46,79,6.78,JP,1643662190
ulladulla,24.7314,-34.0033,72.88,93,100,2.21,ZA,1643662917
sitka,-90.3518,-0.7393,74.55,93,62,1.99,EC,1643662917
dunedin,-63.8628,11.0333,85.73,62,50,17.27,VE,1643662917
kagalnitskaya,126.9778,37.5683,30.61,90,100,8.05,KR,1643662775
kanniyakumari,-121.9166,36.6177,63.59,66,100,4.0,US,1643662659
alindao,-152.4072,57.79,24.31,80,100,3.44,US,1643662918
hithadhoo,148.1667,-23.5333,77.34,70,83,8.25,AU,1643662918
hamilton,-70.4,-23.65,70.88,66,2,8.59,CL,1643662578
saint-joseph,150.6667,-10.6167,81.25,77,100,11.77,PG,1643662919
ciras,100.3354,5.4112,80.89,79,20,0.0,MY,1643662851
norman wells,27.0619,-14.9783,64.92,95,86,4.21,ZM,1643662919
jinzhou,-82.5271,33.194,62.44,37,95,8.66,US,1643662920
clyde river,-67.9239,3.8653,92.91,34,76,1.52,CO,1643662732
pevek,-169.9187,-19.0595,77.99,71,16,7.31,NU,1643662920
hambantota,-50.1628,-13.275,74.97,89,100,0.43,BR,1643662920
katsuura,-100.8968,29.3627,75.24,39,57,8.25,US,1643662622
kruisfontein,134.0833,-0.8667,75.87,80,100,11.14,ID,1643662921
puerto ayora,13.1569,55.3751,30.15,60,96,11.21,SE,1643662921
la asuncion,-121.4238,38.421,65.64,57,0,4.0,US,1643662760
seoul,-16.3333,33.0833,62.53,88,40,21.85,PT,1643662921
pacific grove,-60.3225,-36.8927,72.82,25,80,4.27,AR,1643662735
kodiak,97.4,25.3833,53.44,85,15,2.51,MM,1643662922
novoyegoryevskoye,71.0333,20.8167,66.96,70,0,7.31,IN,1643662922
emerald,75.0,26.0667,61.32,52,0,4.7,IN,1643662923
antofagasta,175.5153,-41.4122,68.63,66,95,4.43,NZ,1643662635
samarai,37.9899,2.3284,70.16,43,77,7.07,KE,1643662923
safwah,-37.6368,65.6145,12.36,98,98,3.91,GL,1643662858
georgetown,102.5,71.9667,-28.03,100,63,2.66,RU,1643662923
mumbwa,90.2201,25.5198,53.73,63,7,3.94,IN,1643662984
avera,172.6333,-43.5333,69.03,80,100,1.99,NZ,1643662868
inirida,120.5763,18.4726,73.26,84,8,15.88,PH,1643662984
alofi,-9.0603,42.7762,52.09,73,10,15.55,ES,1643662984
sao miguel do araguaia,76.55,15.1,70.0,39,2,3.24,IN,1643662985
del rio,110.3967,18.8003,70.2,92,94,3.09,CN,1643662985
manokwari,130.9889,-25.2406,71.38,94,100,18.68,AU,1643662985
trelleborg,-51.1,69.2167,8.62,66,75,21.85,GL,1643662843
laguna,-66.3356,-33.295,90.23,23,10,5.48,AR,1643662897
camacha,-45.2371,60.1432,26.71,88,100,15.66,GL,1643662986
olavarria,31.05,29.8167,56.8,74,11,7.76,EG,1643662986
myitkyina,15.6401,78.2186,10.24,72,100,9.22,SJ,1643662830
una,145.4333,-17.0,75.43,94,94,3.29,AU,1643662986
sarwar,110.3542,20.0058,66.29,95,100,15.01,CN,1643662987
waipawa,35.3833,-23.865,76.84,81,36,9.33,MZ,1643662987
marsabit,-2.9984,51.5877,47.44,85,95,10.54,GB,1643662987
tasiilaq,40.045,48.0448,32.14,89,100,14.61,RU,1643662988
khatanga,-40.2925,-20.3297,79.95,91,74,1.01,BR,1643662810
tura,151.25,-23.85,76.93,88,75,0.0,AU,1643662988
christchurch,-151.75,-16.4833,81.25,71,3,18.07,PF,1643662988
davila,-158.1547,21.3906,78.71,60,75,5.75,US,1643662989
muros,111.6522,40.8106,-1.91,65,0,6.71,CN,1643662201
sandur,16.85,8.65,72.03,16,99,5.88,TD,1643662989
wanning,27.8492,71.0357,24.98,79,0,14.97,NO,1643662989
longlac,-81.2147,-4.2714,73.8,69,100,7.11,PE,1643662990
yulara,121.0618,16.9136,61.21,98,98,2.62,PH,1643662990
ilulissat,124.8667,46.65,-12.89,99,27,4.32,CN,1643662990
san luis,-79.1078,-7.7144,80.87,54,51,11.65,PE,1643662990
nanortalik,109.1591,11.9214,75.16,88,40,8.05,VN,1643662991
madinat sittah uktubar,-165.4064,64.5011,15.87,45,0,12.66,US,1643662991
buqayq,52.4703,59.617,4.53,99,80,4.41,RU,1643662991
longyearbyen,-120.5015,47.5001,41.99,68,5,8.93,US,1643662232
mareeba,37.9333,-9.7667,69.21,99,100,1.88,TZ,1643662992
qiongshan,80.2644,41.1231,26.46,44,10,3.87,CN,1643662992
inhambane,-113.5841,37.1041,65.32,20,0,1.01,US,1643662981
newport,34.7642,31.61,50.92,100,66,9.51,IL,1643662766
almaznyy,-59.5167,13.2167,79.07,75,46,13.35,BB,1643662993
ayer itam,37.1841,35.3029,42.96,85,82,2.66,SY,1643662993
vila velha,106.0847,30.7951,43.34,82,49,2.55,CN,1643662993
gladstone,25.1361,5.0314,73.76,29,99,1.1,CF,1643662994
faanui,102.35,-0.3167,73.06,96,70,1.34,ID,1643662696
nanakuli,-76.2167,-13.7,71.02,84,30,11.36,PE,1643662994
hohhot,70.4169,52.6292,15.33,94,99,15.05,KZ,1643662994
doba,-2.2118,56.9637,43.52,78,100,10.67,GB,1643662995
mehamn,119.8707,-0.8917,73.96,92,100,2.68,ID,1643663055
el alto,-156.47,20.8947,79.97,64,20,8.05,US,1643663055
banaue,177.4833,64.75,9.1,72,0,13.42,RU,1643662867
ranghulu,49.05,-13.2,74.43,93,86,2.15,MG,1643663056
ascope,54.5444,28.7519,54.7,57,0,4.25,IR,1643663056
cam ranh,74.523,63.7898,3.6,97,100,7.11,RU,1643663056
nome,133.8833,-23.7,76.55,83,100,17.27,AU,1643662894
rudnichnyy,-77.2328,48.3835,6.39,79,68,4.14,CA,1643663057
belushya guba,28.6024,49.8993,22.69,92,89,11.86,UA,1643663057
washington,29.0864,70.8578,17.6,67,0,11.5,NO,1643663057
liwale,22.95,59.8333,19.85,92,78,14.25,FI,1643663058
aksu,-65.4117,-24.7859,64.58,79,97,5.99,AR,1643663058
saint george,118.5667,-20.3167,82.45,89,100,14.97,AU,1643663058
gat,4.175,52.0258,43.0,73,75,11.99,NL,1643663059
bathsheba,-54.3333,-34.4833,68.05,54,15,12.68,UY,1643662582
abu samrah,140.7667,-37.8333,60.71,77,75,10.36,AU,1643662797
tumannyy,-73.3579,41.1415,31.91,46,94,1.01,US,1643662809
nanchong,76.6897,64.4803,4.69,96,100,8.1,RU,1643663059
zemio,108.0108,61.2767,-8.59,99,98,2.62,RU,1643663060
japura,45.2075,42.0311,30.72,59,49,3.67,GE,1643663060
kamenskoye,54.3667,24.4667,67.96,86,0,1.14,AE,1643663011
pisco,27.5667,53.9,24.55,92,99,12.82,BY,1643662844
makinsk,132.75,-5.6667,83.84,76,100,21.39,ID,1643663060
stonehaven,-87.9334,43.7333,34.48,74,75,5.01,US,1643663023
skalistyy,80.3167,13.2167,73.49,72,8,3.04,IN,1643663061
tabiauea,179.3167,63.05,-2.85,91,99,16.82,RU,1643662820
palu,140.0242,40.2039,27.43,70,100,3.47,JP,1643663061
kahului,-76.8,-7.2833,82.92,66,95,2.44,PE,1643663062
anadyr,89.9593,22.2876,60.01,73,63,0.27,BD,1643663062
ambilobe,45.3435,46.1711,34.77,79,91,7.76,RU,1643663062
darab,27.4636,58.0981,30.25,96,98,6.8,EE,1643663062
muravlenko,178.4167,69.3833,-18.69,95,31,8.59,RU,1643662500
alice springs,9.2618,-1.5746,78.96,84,98,5.68,GA,1643663063
saleaula,-6.589,62.2266,41.92,98,100,27.63,FO,1643663063
senneterre,-60.6333,-9.1667,74.41,93,100,1.52,BR,1643663063
bolshoy tsaryn,-108.7426,35.5281,54.36,26,0,3.0,US,1643663064
berdychiv,-6.6363,4.7485,79.25,86,81,4.88,CI,1643663064
berlevag,-86.1758,39.447,41.83,55,85,6.38,US,1643663064
hanko,-20.2734,63.4427,42.15,77,100,34.18,IS,1643663064
salta,114.1577,22.2855,57.94,88,99,1.99,HK,1643662955
port hedland,50.1667,-14.2667,77.31,87,99,9.51,MG,1643663065
monster,115.8333,-31.9333,64.09,62,0,14.97,AU,1643662817
karaul,125.2167,49.1833,-18.76,100,77,1.97,CN,1643663065
bolungarvik,177.2833,-38.0833,70.0,68,98,3.87,NZ,1643663126
rocha,12.1522,-15.1961,72.5,74,94,8.37,AO,1643663126
mount gambier,92.75,11.6667,73.27,75,63,5.84,IN,1643663126
westport,-122.5212,47.6262,47.84,77,40,1.01,US,1643663012
purpe,140.8333,35.7333,28.8,42,59,10.16,JP,1643663032
yerbogachen,42.3475,58.3797,22.03,94,100,8.05,RU,1643663127
akhmeta,-74.8492,49.7834,-2.43,87,100,2.8,CA,1643663127
abu dhabi,-70.4833,-25.4,68.97,67,5,6.64,CL,1643663127
minsk,-92.7503,49.7833,22.8,89,100,9.13,CA,1643663128
tual,-9.2372,32.2994,63.01,59,0,15.93,MA,1643663128
sheboygan,119.9214,37.1717,26.78,60,17,11.21,CN,1643663128
kattivakkam,135.6,62.6667,-33.56,100,87,2.06,RU,1643663128
beringovskiy,-10.0711,20.5022,76.87,13,100,10.89,MR,1643663129
noshiro,82.8265,58.3631,14.11,94,100,8.68,RU,1643662582
huicungo,-70.7656,-8.1614,84.04,63,92,2.95,BR,1643663129
mathbaria,20.8333,37.7167,49.59,84,100,19.24,GR,1643663129
yashkul,-17.3389,66.0449,19.98,93,100,5.88,IS,1643663130
rapina,30.7861,59.7035,26.4,97,100,5.06,RU,1643663130
leningradskiy,84.9167,26.65,54.45,73,0,3.04,IN,1643662895
omboue,75.4333,18.0833,70.61,23,3,7.58,IN,1643663131
klaksvik,102.2797,60.34,-6.9,100,94,1.81,RU,1643663131
aripuana,42.7539,44.0225,25.0,80,100,7.16,RU,1643663131
gallup,-34.8553,-8.0089,83.93,70,20,6.91,BR,1643662752
san-pedro,-91.8333,18.6333,80.64,54,0,12.66,MX,1643663132
bud,-60.7718,-19.9309,89.35,42,93,6.85,PY,1643663132
vestmannaeyjar,-108.5007,45.7833,43.29,27,65,40.0,US,1643662609
victoria,-70.1431,-20.2208,70.14,69,0,5.19,CL,1643662969
sambava,6.2642,4.9247,74.79,41,7,4.27,NG,1643663132
perth,-151.0167,-16.7,81.16,71,5,18.9,PF,1643663133
nenjiang,127.6694,26.1247,59.02,74,40,6.91,JP,1643663133
kleck,37.8879,51.1537,28.17,93,99,14.54,RU,1643663133
opotiki,147.2712,-2.0226,77.58,91,100,11.88,PG,1643662877
namibe,10.0,-2.65,77.47,86,99,4.74,GA,1643662968
port blair,13.0282,41.3003,49.77,97,100,6.11,IT,1643663134
bainbridge,-81.2719,-4.5772,86.76,51,0,10.36,PE,1643663134
hasaki,65.6077,57.2107,7.18,85,100,4.47,RU,1643663134
andevoranto,80.2811,55.1956,8.6,97,98,8.21,RU,1643663134
galich,108.4833,22.75,46.9,86,100,4.59,CN,1643663135
chapais,-72.0662,-45.5752,59.61,70,55,13.02,CL,1643662879
taltal,-73.3162,41.2668,30.79,46,0,0.0,US,1643662919
dryden,-53.1147,48.6499,34.12,70,85,16.35,CA,1643663135
asfi,8.7815,-0.7193,80.33,81,30,10.76,GA,1643663136
laizhou,-114.0611,27.9769,68.58,41,2,10.74,MX,1643663136
khandyga,-52.95,5.3833,78.35,82,100,10.16,GF,1643663137
adrar,141.9667,-38.2667,62.8,72,50,14.61,AU,1643663197
togur,144.0661,-4.0625,72.66,98,100,2.17,PG,1643663197
tarauaca,32.6236,-20.1883,62.17,84,2,4.03,ZW,1643662933
samalaeulu,-22.4338,63.8424,41.47,81,75,28.77,IS,1643663079
lithakia,104.9744,-5.3582,73.08,95,100,1.7,ID,1643663198
husavik,36.8253,46.9136,33.84,83,86,13.94,UA,1643663198
chagda,23.6866,3.8146,71.87,35,97,1.3,CD,1643663198
nikolskoye,72.9333,0.5333,82.8,72,29,11.9,MV,1643663199
motihari,-6.1219,14.7328,81.25,14,80,11.99,ML,1643663199
kurduvadi,-3.5265,18.9048,73.49,12,46,12.26,ML,1643663199
vanavara,112.4,66.4167,-35.0,100,84,3.44,RU,1643663199
palabuhanratu,63.0231,61.9247,-9.31,100,99,1.07,RU,1643663200
yasnaya polyana,124.4167,46.8333,-8.32,92,11,5.53,CN,1643663200
olinda,29.7333,52.6333,25.36,91,100,12.5,BY,1643663200
carmen,-51.7216,64.1835,20.01,63,100,4.61,GL,1643663201
mayor pablo lagerenza,135.315,54.7183,-4.47,87,82,14.41,RU,1643663201
billings,47.9875,-14.8796,76.19,88,59,2.28,MG,1643663163
iquique,-75.8985,45.3159,26.06,64,99,1.01,CA,1643663201
yenagoa,-53.6735,66.9395,9.9,88,100,11.21,GL,1643663202
fare,-63.1667,-17.8,94.46,49,40,10.36,BO,1643662644
itoman,45.8118,52.6195,31.71,97,100,15.3,RU,1643663202
novikovo,32.2268,-17.397,62.92,92,5,3.42,ZW,1643663202
lorengau,42.8251,33.6416,48.38,76,100,9.28,IQ,1643663203
gamba,-122.4286,37.4636,63.41,76,40,3.0,US,1643663203
ngukurr,13.45,41.6167,49.08,91,100,3.44,IT,1643663203
sabaudia,100.4517,38.9342,18.57,33,100,3.89,CN,1643663224
talara,79.1667,52.2667,6.85,97,67,6.89,RU,1643663225
melioratorov,143.1167,49.2167,8.6,82,100,8.66,RU,1643663225
kargat,25.9469,35.0339,52.11,73,37,10.13,GR,1643663225
yirol,41.8754,36.3209,42.35,65,97,5.64,IQ,1643663226
pumiao,-81.7165,43.7501,29.91,84,40,7.16,CA,1643663226
coihaique,42.5454,-0.3582,77.83,78,83,12.77,SO,1643663226
fairfield,32.907,24.0934,54.01,47,0,8.48,EG,1643663226
bonavista,138.1667,56.45,-0.65,69,100,15.93,RU,1643663227
port-gentil,-77.5828,20.0431,76.12,64,99,20.38,CU,1643663227
guerrero negro,-63.0578,18.217,82.26,69,40,10.36,AI,1643663227
sinnamary,24.8,-14.7833,65.53,94,100,4.23,ZM,1643663228
codrington,17.9892,3.8678,71.42,26,10,0.25,CF,1643663228
angoram,139.9,69.3,-25.62,100,61,4.05,RU,1643662961
chipinge,114.0833,71.9167,-28.52,100,91,2.06,RU,1643663081
grindavik,-52.7314,47.6666,33.39,74,52,3.0,CA,1643662998
pringsewu,-41.0511,-21.6403,82.49,90,96,6.55,BR,1643663229
osypenko,-52.2,-28.4492,86.58,28,5,4.61,BR,1643663229
bondo,-7.7169,4.375,79.66,82,44,5.68,LR,1643663229
thinadhoo,-53.7767,5.6592,79.3,77,96,9.71,GF,1643663229
sokolo,128.1333,51.4,-8.14,92,13,7.9,RU,1643663230
araouane,118.3319,63.2842,-32.21,100,97,2.3,RU,1643663230
udachnyy,111.5,66.0,-26.43,100,91,5.39,RU,1643663230
agirish,32.0377,-28.783,75.99,80,12,9.93,ZA,1643663291
taikang,172.9752,1.3292,84.2,79,40,12.66,KI,1643663291
svetlogorsk,167.4833,-22.6667,77.56,85,100,9.69,NC,1643663291
labutta,173.1667,-35.1667,68.9,92,100,14.54,NZ,1643663292
nuuk,148.2534,-8.7537,74.66,91,100,2.95,PG,1643663292
chumikan,17.9667,-24.6333,76.14,65,81,9.31,NA,1643663292
antsohihy,72.642,10.5669,80.49,72,2,10.58,IN,1643663102
kanata,-55.9836,-4.2761,80.24,86,100,2.48,BR,1643663293
sisimiut,17.0839,44.2814,35.01,99,100,1.79,BA,1643663293
santa cruz,143.2326,51.7102,8.08,90,100,20.8,RU,1643662821
lopatino,92.9,20.15,60.44,60,21,8.99,MM,1643663293
mutoko,122.298,29.9576,42.06,59,94,5.84,CN,1643663294
hit,150.7333,-23.1333,73.18,81,29,2.98,AU,1643663294
half moon bay,8.834,63.7256,30.16,66,100,23.24,NO,1643663295
frosinone,-74.2219,46.3187,15.84,80,100,4.25,CA,1643663295
zhangye,152.4333,-3.6667,79.39,81,100,2.73,PG,1643663295
klyuchi,31.1667,65.8333,5.68,97,100,4.36,RU,1643663296
poronaysk,-3.0073,40.0085,46.89,61,19,13.29,ES,1643663296
koutsouras,33.9365,26.7292,59.92,50,4,8.72,EG,1643663296
sinjar,44.3244,15.1718,54.72,47,5,2.62,YE,1643663296
goderich,35.2406,-13.3128,64.49,100,20,5.75,MZ,1643663297
kismayo,-149.15,-17.7333,84.0,78,35,19.22,PF,1643663297
aswan,-70.35,19.3,79.65,76,52,5.35,DO,1643663318
lolua,-75.4557,43.2128,31.08,42,0,3.44,US,1643663319
ayan,37.765,12.9842,52.25,52,36,4.81,ET,1643663319
niquero,-79.9326,46.3646,19.89,87,94,1.83,CA,1643663319
the valley,84.25,25.2,52.48,74,0,4.36,IN,1643663320
kaoma,18.3463,9.1104,75.81,15,88,5.97,TD,1643663320
mbaiki,59.5289,22.5667,72.54,62,0,5.93,OM,1643663037
deputatskiy,17.6833,-2.7167,79.12,55,96,3.36,CD,1643663320
saskylakh,24.4333,36.7333,55.81,62,59,20.92,GR,1643663321
torbay,53.1512,67.6803,6.22,96,100,7.63,RU,1643663321
sao joao da barra,114.0089,4.4148,76.5,90,18,4.27,MY,1643663321
marau,111.7167,-8.05,74.48,92,100,2.73,ID,1643662732
harper,-97.0667,15.85,86.83,58,20,11.5,MX,1643663322
mana,77.7333,18.7667,66.52,26,7,0.78,IN,1643663322
svobodnyy,-94.3614,41.0586,49.44,43,0,11.5,US,1643663322
nyurba,-65.1023,-43.3002,76.21,24,80,8.37,AR,1643663323
aykhal,102.1408,51.6828,-5.91,86,16,1.5,RU,1643663323
richards bay,-10.0467,5.8808,79.97,84,51,7.67,LR,1643663323
bairiki,-171.0,65.5833,-1.77,84,52,11.25,RU,1643663024
vao,3.159,46.9896,38.95,86,71,5.68,FR,1643663323
ahipara,93.6833,22.9167,38.48,67,40,4.09,MM,1643663384
popondetta,113.6,54.4333,-18.81,97,44,3.96,RU,1643663384
mariental,-114.9819,36.0397,64.17,18,0,0.0,US,1643663375
kavaratti,80.8572,59.0556,10.24,92,98,9.98,RU,1643663384
itaituba,120.875,53.858,-6.36,93,99,3.85,RU,1643663385
sipovo,78.8667,20.8,64.89,26,1,4.29,IN,1643663385
katangli,103.6601,18.3778,60.78,83,21,3.15,LA,1643663385
grand river south east,65.6886,40.5614,32.09,60,3,5.5,UZ,1643663386
marcona,-76.8863,6.5789,87.31,56,77,2.62,CO,1643663386
toliary,-90.4994,14.7083,79.86,53,40,16.11,GT,1643663386
akyab,-58.5796,-34.426,80.29,33,0,2.3,AR,1643663387
riaba,127.4,0.8,79.16,80,100,4.68,ID,1643663387
samusu,36.9856,-16.8392,71.15,95,0,0.74,MZ,1643663387
shenjiamen,144.2697,44.0213,22.15,75,92,17.4,JP,1643663388
yeppoon,135.8667,-34.7333,63.97,73,43,18.01,AU,1643662811
nizhneyansk,-2.5,42.25,41.31,96,100,14.23,ES,1643663388
armacao dos buzios,72.8944,2.6708,82.71,75,32,11.18,MV,1643663388
sistranda,45.05,-25.1667,73.76,75,19,18.41,MG,1643663388
saint-donat-de-montcalm,20.62,52.8814,31.86,81,36,8.25,PL,1643663389
namatanai,85.3167,27.7167,43.02,93,20,2.3,NP,1643663389
pyaozerskiy,174.4333,-36.65,76.08,90,91,14.05,NZ,1643663389
tarancon,31.6667,-21.05,71.76,67,29,5.01,ZW,1643663390
safaga,28.3496,57.8136,30.11,93,100,6.71,RU,1643663390
sayyan,119.8978,-2.9701,64.04,93,74,2.91,ID,1643663390
dinsor,54.0924,17.0151,69.89,73,20,4.61,OM,1643663390
lichinga,153.1333,-30.3,74.14,93,3,0.0,AU,1643663331
tautira,145.575,43.3236,21.79,69,29,22.62,JP,1643663391
santa ana arriba,166.4372,68.0546,8.62,69,100,4.16,RU,1643663391
roma,-79.8626,32.7941,64.26,61,0,1.99,US,1643663392
dabat,109.7726,52.1657,-19.41,99,71,1.79,RU,1643663392
sturgeon falls,134.65,33.9167,40.84,63,82,9.66,JP,1643663392
bikramganj,124.3947,40.1292,21.42,87,89,8.03,CN,1643663214
kibala,93.0408,60.3725,-6.34,98,99,3.87,RU,1643663393
sur,-47.3561,-0.6136,79.12,84,100,10.83,BR,1643663393
nioki,-82.2665,40.8167,34.66,58,30,4.68,US,1643663393
adamas,30.4164,31.4044,56.37,67,8,10.71,EG,1643663394
iskateley,141.8833,39.2667,24.01,60,2,3.58,JP,1643663394
miri,142.9671,53.5102,3.43,91,100,26.04,RU,1643663394
trenggalek,-110.8107,39.5994,43.41,38,0,6.91,US,1643663394
puerto escondido,71.446,51.1801,8.55,85,75,6.71,KZ,1643663395
biloli,14.8667,-5.25,69.35,90,100,1.34,CD,1643663395
creston,-8.691,43.213,51.01,85,31,10.83,ES,1643663395
rawson,99.8333,2.1,73.09,96,45,2.17,ID,1643663396
kyren,-49.6678,61.994,21.83,88,100,19.6,GL,1643663396
buchanan,24.6622,70.9963,25.68,71,100,8.12,NO,1643663396
lavrentiya,144.8916,-37.8068,74.86,81,40,8.99,AU,1643663397
never,-9.5,29.5833,64.54,40,99,3.87,MA,1643663397
falam,12.9801,31.4451,48.36,40,75,13.27,LY,1643663397
bagdarin,153.6833,67.45,-15.59,93,100,4.36,RU,1643663457
henderson,-7.4131,52.3492,50.22,79,100,13.22,IE,1643663458
kargasok,-60.2798,-38.3739,72.12,18,96,5.91,AR,1643663458
amazar,87.9833,65.8167,10.33,94,100,13.04,RU,1643663458
sindi,98.4908,3.1001,63.41,95,99,1.14,ID,1643663459
pakxan,72.9667,3.7833,82.47,78,8,13.82,MV,1643663459
nurota,98.2,14.0833,62.98,77,9,3.51,MM,1643663287
vigia del fuerte,66.3167,51.1,18.54,94,100,17.22,KZ,1643663459
chinautla,-17.4441,14.6937,72.48,78,99,20.33,SN,1643663404
tigre,13.1875,32.8752,56.55,45,32,15.48,LY,1643663460
ternate,-73.0512,5.1011,72.95,59,100,2.89,CO,1643663460
mocuba,-122.4869,37.6138,63.23,78,75,8.01,US,1643663460
abashiri,42.7678,51.3223,32.76,94,100,18.88,RU,1643663441
port lincoln,143.2,64.5667,-12.12,100,100,1.12,RU,1643663461
la rioja,2.6036,6.4965,76.01,72,54,6.87,BJ,1643663203
kudahuvadhoo,135.8833,46.4856,-12.46,99,98,4.36,RU,1643663461
beloha,1.0114,20.1986,68.52,12,33,10.63,ML,1643663317
ciechanow,159.5921,-8.145,81.91,78,94,3.51,SB,1643663462
kathmandu,123.5064,43.5064,0.36,95,32,6.31,CN,1643663462
parakai,159.2333,61.95,19.56,73,100,21.52,RU,1643663462
chiredzi,120.3133,22.6163,64.04,83,82,1.01,TW,1643663462
pskov,-85.1999,32.3502,66.96,28,0,5.75,US,1643663463
rantepao,-50.4269,-26.9608,71.29,58,99,4.45,BR,1643663463
salalah,32.554,25.2934,52.79,55,0,5.26,EG,1643663168
coffs harbour,95.1333,22.1167,60.55,57,5,5.08,MM,1643663287
nemuro,122.1228,40.1774,17.49,74,63,14.32,CN,1643663464
bilibino,8.7666,36.2941,50.52,83,5,14.23,TN,1643663464
mount pleasant,0.5729,50.8552,42.76,82,35,14.25,GB,1643663325
khorinsk,-91.9167,14.3,86.54,61,6,12.15,GT,1643663464
anan,100.3213,7.7777,79.09,78,49,8.5,TH,1643663464
dandong,167.8833,-21.55,78.08,87,100,0.78,NC,1643663465
severo-yeniseyskiy,-60.4739,-34.6417,76.8,24,13,12.82,AR,1643663172
salinopolis,47.3707,45.3929,33.03,92,68,8.39,RU,1643663465
ashland,121.9702,20.4487,70.57,74,99,24.05,PH,1643663465
rosetta,-127.4199,50.6996,43.75,93,75,5.75,CA,1643663466
kamaishi,68.9678,22.2394,71.53,83,0,8.75,IN,1643663466
ekhabi,50.263,44.5086,39.65,89,100,4.23,KZ,1643663466
price,44.24,65.8522,10.26,97,100,4.27,RU,1643663467
astana,39.8333,-4.9667,79.0,77,31,8.14,TZ,1643663467
sinkat,-15.8333,11.2833,78.8,78,86,17.49,GW,1643663467
mbanza-ngungu,33.6667,41.5,20.98,92,13,0.92,TR,1643663468
carballo,-92.5366,45.123,29.88,68,0,11.5,US,1643663468
rantauprapat,-69.2181,-51.6226,55.45,47,100,36.82,AR,1643663468
paamiut,127.9761,26.5881,59.07,68,43,7.58,JP,1643663468
havoysund,71.7189,40.4272,29.62,48,100,3.02,UZ,1643663469
seddon,16.7117,10.4795,70.03,16,61,7.58,TD,1643663469
tiznit,37.8833,56.55,26.26,97,100,6.62,RU,1643663469
mizdah,-11.0,14.0,87.57,10,68,7.07,ML,1643663530
saryshagan,166.1,60.4667,5.59,89,100,8.16,RU,1643663530
srednekolymsk,60.1659,66.0317,2.97,96,100,6.33,RU,1643663530
carrick-on-suir,-70.027,12.524,78.91,75,6,15.17,AW,1643663531
tres arroyos,-82.4249,42.9709,30.87,72,0,8.01,US,1643663531
turukhansk,-2.8,8.0333,76.66,12,98,2.51,CI,1643663531
kabanjahe,98.6348,9.9658,73.99,90,13,3.94,TH,1643663532
mahibadhoo,-116.0542,34.1356,66.47,10,100,0.98,US,1643663532
dawei,102.1347,19.8856,60.85,89,12,1.92,LA,1643663532
derzhavinsk,-63.0408,-9.9133,73.04,99,99,2.71,BR,1643663533
dakar,-0.8773,41.6561,51.94,66,20,10.0,ES,1643663533
tripoli,106.2731,38.4681,18.68,24,77,5.28,CN,1643663453
paez,-90.4,20.8667,78.21,52,1,8.32,MX,1643663533
pacifica,-61.7485,12.0564,78.62,76,63,10.83,GD,1643663534
kamenka,131.25,-0.8833,79.54,77,86,16.22,ID,1643663396
bokspits,153.5667,-28.8667,75.78,95,21,3.51,AU,1643663534
ust-nera,30.5767,64.571,12.65,95,100,8.48,RU,1643663333
porto novo,18.1333,-26.5833,77.99,60,41,6.02,NA,1643663534
vostok,76.6333,66.0833,0.32,98,100,6.24,RU,1643663535
tessalit,70.3667,20.9,69.46,79,0,12.28,IN,1643663535
buala,151.2833,59.5833,-0.26,81,71,12.06,RU,1643663535
zhengjiatun,82.4667,65.7,10.02,95,100,9.75,RU,1643663536
evensk,-3.296,58.965,42.76,96,100,19.46,GB,1643663536
kaohsiung,-179.1667,66.3167,-0.54,74,84,11.39,RU,1643663536
russell,75.3667,51.6667,13.95,89,94,10.71,KZ,1643663402
santa cecilia,12.0333,4.5167,72.54,24,100,2.01,CM,1643663537
esna,131.1683,62.6683,-27.31,99,100,2.82,RU,1643663537
dolbeau,144.3747,42.975,15.28,78,3,12.12,JP,1643663537
monywa,43.7133,44.7156,35.82,82,100,1.66,RU,1643663538
xiongyue,13.84,-18.0607,68.58,54,100,10.67,NA,1643663538
nibbar,133.0839,42.7297,14.36,62,46,9.98,RU,1643663538
hastings,26.7246,56.2944,23.02,96,97,8.23,LV,1643663538
champerico,90.7419,22.3384,64.94,67,75,1.68,BD,1643663539
ranot,-9.4215,38.6979,56.55,66,0,7.0,PT,1643663290
tadine,-99.3,20.55,78.08,21,2,21.05,MX,1643663539
chacabuco,28.4596,49.4414,24.08,91,91,10.58,UA,1643663539
kaspiyskiy,43.2844,-11.3847,81.72,73,12,1.74,KM,1643663540
basco,124.2928,7.9986,66.6,96,100,1.05,PH,1643663540
port hardy,122.7617,63.8986,-30.71,100,52,3.94,RU,1643663540
dwarka,12.9164,18.6853,58.3,18,0,5.17,NE,1643663541
fort-shevchenko,156.5167,51.5,21.47,77,99,11.5,RU,1643663541
mezen,107.0712,-6.2641,79.03,79,100,3.15,ID,1643663541
micheweni,-57.8,-18.95,97.16,44,75,4.61,BO,1643663541
bubaque,44.2833,-20.2833,79.66,77,0,4.05,MG,1643663542
kastamonu,42.8,9.35,59.88,37,30,1.9,ET,1643663542
new richmond,-119.2895,45.8404,50.65,55,20,8.01,US,1643663551
utiroa,-77.7641,7.1053,82.49,67,36,7.0,CO,1643663602
rio gallegos,-66.3821,50.2001,10.06,52,65,10.0,CA,1643663603
nago,-53.48,-1.8,79.02,85,73,4.34,BR,1643663603
komsomolskiy,-38.6531,-3.7361,84.15,73,0,13.8,BR,1643663343
bousso,56.9244,33.5959,48.45,25,93,2.75,IR,1643663604
bogorodskoye,64.4319,54.9103,3.47,100,87,4.7,RU,1643663604
kayes,-7.3528,4.423,79.61,83,93,5.08,CI,1643663604
tilichiki,87.6005,43.801,-4.85,84,75,2.24,CN,1643663605
inta,122.1136,37.5017,30.34,64,100,23.82,CN,1643663605
oranjestad,-88.9333,21.2833,81.55,40,15,5.66,MX,1643663605
port huron,-113.2899,37.1753,63.77,22,78,5.46,US,1643663256
bondoukou,-58.6502,51.226,8.51,94,100,5.91,CA,1643663606
bur gabo,-96.4661,15.7432,85.82,50,0,12.17,MX,1643663606
dzhusaly,-78.8503,35.7327,52.65,35,20,1.01,US,1643663315
ranong,-39.2481,-17.7125,80.69,80,1,9.84,BR,1643663606
twentynine palms,59.6103,42.4531,24.78,93,0,4.61,UZ,1643663606
malwan,3.1631,41.9174,52.47,71,20,18.25,ES,1643663607
luang prabang,-75.6753,-5.2269,82.71,66,84,6.62,PE,1643663607
ariquemes,-103.6833,18.7333,90.88,46,0,7.27,MX,1643663607
zaragoza,12.6934,67.667,32.07,56,100,8.72,NO,1643663608
yinchuan,-65.5942,-22.0866,52.77,68,95,16.31,BO,1643663608
celestun,134.2667,-12.0667,78.53,89,100,16.49,AU,1643663608
saint-georges,20.1347,54.675,33.85,62,98,13.56,RU,1643663609
sorong,35.0333,-11.3,62.98,94,14,2.68,TZ,1643663609
ballina,-97.95,23.1667,81.59,54,86,8.01,MX,1643663609
kostomuksha,-80.2833,7.75,87.19,62,98,10.71,PA,1643663609
keetmanshoop,74.5,15.8667,65.97,56,4,2.62,IN,1643663610
novyy urengoy,-8.3327,40.1629,45.05,68,0,3.71,PT,1643663610
veraval,56.1964,62.7084,-10.17,100,81,1.88,RU,1643663610
ola,-77.9639,39.4562,37.15,55,100,5.75,US,1643663611
krasnoselkup,63.5842,61.3614,-4.41,99,99,1.92,RU,1643663611
stromness,-97.3268,50.1344,20.79,92,100,11.56,CA,1643663611
egvekinot,-53.2711,-22.2953,78.49,79,83,6.38,BR,1643663611
ekibastuz,-122.7002,58.8053,-0.13,84,100,1.54,CA,1643663612
nkoteng,99.8432,6.3265,79.5,77,27,11.05,MY,1643663612
ruatoria,32.4167,34.7667,46.31,87,40,6.91,CY,1643663584
borogontsy,75.7333,15.6667,69.85,35,4,4.45,IN,1643663612
kushiro,-84.428,39.2048,41.56,53,0,1.99,US,1643663613
chernolesskoye,149.7833,-30.3167,75.52,81,9,2.66,AU,1643663613
opuwo,176.35,-40.0333,72.18,64,90,4.54,NZ,1643663613
vrangel,38.7167,7.9333,66.49,37,31,11.39,ET,1643663614
cheuskiny,109.3,13.0833,73.54,91,42,5.93,VN,1643663398
preili,-6.1897,8.0586,79.7,13,11,3.2,CI,1643663614
lalmohan,41.867,3.9366,82.96,27,99,6.33,KE,1643663614
cascais,155.8,62.5333,-6.61,97,100,6.13,RU,1643663615
tasquillo,-72.225,7.7669,78.98,46,84,3.74,VE,1643663615
pavlivka,-117.2711,32.9912,72.57,59,0,1.99,US,1643663675
mitsamiouli,-122.0363,37.3688,63.41,68,0,3.0,US,1643663453
marawi,87.7602,69.3497,-1.95,95,99,7.25,RU,1643663675
kysyl-syr,164.0167,-20.2333,80.33,76,100,14.63,NC,1643663676
bilma,114.9167,51.2833,-19.52,98,10,3.87,RU,1643663676
ozernovskiy,42.5053,18.2164,55.65,58,0,9.22,SA,1643663676
tambun,131.0981,47.6967,-8.77,95,9,6.29,RU,1643663677
puerto suarez,1.3862,51.3813,40.95,73,54,3.0,GB,1643663677
morondava,55.4781,-21.3393,78.48,78,75,13.8,RE,1643663677
jijiga,-40.12,-2.8856,81.09,78,24,16.49,BR,1643663677
hermiston,34.5833,-8.9,62.44,95,100,3.04,TZ,1643663678
jurado,70.1167,21.1167,69.8,79,0,10.04,IN,1643663678
sept-iles,152.95,-27.1167,81.19,79,65,3.22,AU,1643663678
prainha,59.3788,42.0551,24.8,76,11,10.31,TM,1643663679
caucaia,95.3214,5.8933,81.72,74,98,10.13,ID,1643663679
acuna,12.2,-5.55,79.27,87,94,6.31,AO,1643663679
tabas,39.5131,68.0531,8.69,93,98,5.97,RU,1643663679
mrirt,-0.2151,46.976,41.72,91,9,8.41,FR,1643663680
kurtamysh,79.5667,30.5667,32.68,60,41,5.97,IN,1643663680
tabou,21.0333,46.5833,36.14,67,100,6.31,HU,1643663680
urumqi,7.732,63.1115,32.65,80,40,8.05,NO,1643663681
weihai,147.981,-37.8811,70.57,76,0,6.2,AU,1643663681
dzilam gonzalez,22.9758,55.0792,26.33,91,59,9.15,LT,1643663681
hurricane,57.7625,-20.2078,80.1,80,29,24.56,MU,1643663682
tuggurt,10.25,19.75,55.54,21,0,7.18,NE,1643663682
saint-augustin,-24.4956,14.8961,73.42,75,100,4.16,CV,1643663682
pochutla,143.2092,-9.0763,77.61,87,100,11.03,PG,1643663682
apex,-114.053,35.1894,61.54,7,0,5.99,US,1643663683
caravelas,-99.3833,23.4167,74.95,24,14,0.72,MX,1643663683
nukus,-13.8627,28.5004,67.75,52,0,4.61,ES,1643663683
palafrugell,112.0132,-7.7479,73.53,92,100,1.61,ID,1643663684
lagunas,129.523,49.758,-18.29,100,21,4.41,RU,1643663684
coahuayana,12.5286,32.0633,46.62,36,57,10.36,LY,1643663684
sorland,76.6625,61.9449,0.66,100,95,5.57,RU,1643663685
villazon,49.3833,-18.1667,75.2,88,20,6.91,MG,1643663677
maningrida,109.1833,12.25,75.2,92,27,4.94,VN,1643663685
svetlyy,-77.1167,20.3433,76.41,59,96,16.91,CU,1643663685
tingi,12.1396,51.9669,36.82,92,99,8.7,DE,1643663686
nuevo progreso,-105.4833,27.85,67.35,13,0,11.52,MX,1643663686
la tiza,6.0,5.5,74.84,61,5,3.6,NG,1643663686
belgaum,-85.452,10.1483,81.95,53,45,15.19,CR,1643663687
lata,-51.9542,-2.5908,78.82,88,85,1.57,BR,1643663472
troitsko-pechorsk,-10.9667,12.2833,82.96,12,31,2.77,ML,1643663687
martinsburg,13.1167,51.1167,37.13,98,100,6.58,DE,1643663687
sovetskiy,159.9667,59.1167,12.04,86,100,15.39,RU,1643663688
stonewall,121.1114,14.3122,78.1,74,62,12.15,PH,1643663620
bataipora,-77.6125,37.6985,46.71,48,0,1.01,US,1643663748
fort nelson,161.9205,-10.4544,80.98,84,87,3.36,SB,1643663749
kuah,-80.0867,9.2319,85.1,75,35,11.97,PA,1643663749
pafos,-78.1522,-10.0681,74.59,76,100,10.02,PE,1643663749
