City,Longitude,Latitude,Max Temperature,Humidity,Cloudiness,Wind Speed
mersin,34.6509,36.862,43.95,62,95,7.07
busselton,115.3333,-33.65,76.05,34,0,4.74
portland,-122.6762,45.5234,41.77,74,20,1.01
rikitea,-134.9692,-23.1203,78.22,79,4,18.07
dzhusaly,-69.3632,77.484,-8.34,59,73,9.33
qaanaaq,105.9228,49.4867,-2.09,86,7,3.8
darhan,102.2655,-3.8004,82.04,75,100,2.84
bengkulu,-155.09,19.7297,74.25,84,0,3.0
hilo,31.9639,-3.4919,63.45,89,97,1.39
ushirombo,-159.319,22.0752,77.11,73,20,3.0
amderma,16.9,-3.0167,70.09,88,100,3.4
kapaa,-97.8558,55.7435,-7.44,71,0,13.8
mushie,-11.1167,10.75,67.75,18,34,3.04
thompson,25.5701,-33.918,66.49,94,100,8.05
vaitupu,-5.6883,5.8528,68.56,99,20,2.53
dabola,34.3267,54.7777,4.6,99,100,3.89
port elizabeth,-72.3287,42.1584,14.22,69,0,0.0
lakota,-70.9167,-53.15,50.11,76,40,25.32
ugra,167.7167,-45.4167,63.82,33,20,4.5
palmer,124.8925,-9.1061,80.82,73,67,7.76
punta arenas,-49.6678,61.994,14.18,71,100,10.27
te anau,57.5167,-20.5167,80.37,88,40,4.61
atambua,-51.1,69.2167,12.22,57,100,23.02
paamiut,-89.8275,13.5928,75.79,80,36,6.22
souillac,-73.632,5.5379,58.73,95,100,2.19
belushya guba,140.7667,-37.8333,91.31,43,40,13.8
ilulissat,57.1869,48.5872,18.19,92,100,9.57
acajutla,-17.1,32.6667,59.0,78,56,6.33
grand river south east,5.0328,61.5996,44.96,93,100,21.85
raquira,26.891,-33.5906,72.39,92,80,4.09
mount gambier,-126.8329,65.282,8.64,85,75,2.3
shubarshi,147.2712,-2.0226,83.3,77,97,5.68
ponta do sol,25.4993,53.7214,33.31,98,100,11.21
floro,42.7678,51.3223,7.18,97,100,3.94
port alfred,18.4232,-33.9258,66.11,79,0,11.5
norman wells,167.6833,-46.1333,57.81,50,26,7.94
lorengau,114.6,-28.7667,86.41,45,0,21.85
berezovka,32.1833,12.35,63.28,16,76,17.74
kamenka,-135.33,57.0531,35.49,93,75,0.0
cape town,14.2845,-22.116,66.85,89,98,6.15
tuatapere,159.5921,-8.145,82.76,75,100,6.6
geraldton,-122.4286,37.4636,57.31,77,0,4.61
marabba,20.0403,-34.5322,63.28,92,25,3.51
sitka,31.5825,4.8517,75.0,32,73,2.42
henties bay,128.1814,-3.6954,89.74,66,20,12.66
buala,-175.2,-21.2,86.16,84,20,9.22
saleaula,-65.7125,66.1451,-24.34,95,100,5.1
taolanaro,72.8944,2.6708,80.1,68,98,14.43
half moon bay,88.3972,69.4865,1.2,96,100,15.05
bredasdorp,-48.5012,-27.6146,78.03,88,75,5.75
juba,139.9,69.3,-8.91,97,100,5.28
ambon,-37.6368,65.6145,19.56,81,100,5.97
vaini,102.5,71.9667,2.01,85,100,13.76
pangnirtung,-73.9662,42.6001,8.47,64,4,2.28
kudahuvadhoo,-121.942,50.6856,27.36,86,51,1.43
talnakh,170.3133,69.7008,-31.86,98,31,1.92
illoqqortoormiut,96.1285,4.1363,83.98,66,28,1.99
florianopolis,100.3543,-0.9492,87.85,64,100,1.48
deputatskiy,9.1235,62.0696,16.48,98,99,2.57
tasiilaq,178.4167,69.3833,-25.1,90,9,3.65
meyungs,20.5833,-4.3167,69.85,94,100,2.06
khatanga,-28.7,38.5167,59.74,81,30,12.73
albany,-90.3518,-0.7393,73.11,91,98,6.15
lillooet,35.3833,-23.865,78.21,85,87,9.1
pevek,-2.9779,53.4106,51.62,92,100,5.99
meulaboh,19.2345,-34.4187,63.81,85,22,9.17
padang,111.9767,43.6475,9.97,66,3,9.06
dombas,-68.5914,70.4692,-9.17,84,100,23.02
leningradskiy,82.2167,16.7333,75.6,65,52,5.21
ilebo,168.8643,-46.1927,57.47,41,44,7.96
mutsamudu,39.5131,68.0531,13.89,95,86,20.62
ribeira grande,-73.65,-37.6167,57.49,92,3,9.37
puerto ayora,-73.1167,-36.7167,60.48,88,75,10.36
inhambane,48.5268,5.3505,74.14,70,45,14.94
liverpool,-84.3333,46.5168,21.88,70,100,13.8
hermanus,155.8,62.5333,-28.07,98,93,5.39
erenhot,121.695,39.0286,24.84,46,0,13.42
clyde river,-73.414,41.3712,20.55,63,0,0.0
yanam,-139.0333,-9.8,78.91,77,14,19.39
mataura,119.0128,10.3094,80.89,84,95,8.84
ostrovnoy,-159.775,-21.2078,82.45,83,40,12.66
lebu,15.1594,-26.6481,66.94,75,3,19.55
talcahuano,-85.452,10.1483,76.55,76,72,8.32
hobyo,172.7902,3.0707,82.15,77,16,13.31
sault sainte marie,8.834,63.7256,38.89,95,100,4.23
omsukchan,-109.9124,22.8909,71.15,66,0,3.44
ye,90.2201,25.5198,63.34,66,45,4.65
dalianwan,115.2494,-2.4177,88.39,62,97,3.22
bethel,50.1667,-14.2667,75.36,81,20,7.94
atuona,27.9116,-33.0153,74.34,100,40,1.14
caruray,-68.5145,63.7506,-24.07,76,0,0.0
avarua,-75.833,42.2506,7.54,78,11,1.01
luderitz,-56.0861,-9.8756,70.63,98,100,2.84
nicoya,130.9889,-25.2406,96.64,32,41,4.61
butaritari,164.0167,-20.2333,81.54,75,25,12.5
sistranda,34.7642,31.61,48.88,100,89,23.91
cabo san lucas,-74.2239,-13.1583,57.63,77,96,6.26
lolua,-68.3,-54.8,49.66,76,75,23.02
tura,100.3354,5.4112,85.93,76,20,1.01
amuntai,-46.02,-1.195,74.82,94,100,4.03
sambava,98.9105,8.0726,88.92,66,40,8.05
east london,102.2634,27.8964,52.21,61,64,5.03
iqaluit,124.2928,7.9986,73.65,69,66,2.39
broome,-50.0119,-24.7911,66.51,90,97,3.13
alta floresta,143.2,64.5667,-33.66,98,60,2.93
yulara,-110.8107,39.5994,27.66,68,0,5.75
poum,-60.7718,-19.9309,81.66,64,33,7.85
gat,150.1429,-5.5502,87.91,65,92,7.76
ayacucho,-67.5,-45.8667,57.06,51,0,4.61
ushuaia,43.2844,-11.3847,79.09,78,75,8.05
georgetown,-152.4072,57.79,35.11,87,100,18.41
carutapera,5.328,60.392,45.64,92,75,14.97
krabi,141.3028,-2.6741,82.85,80,89,1.77
xichang,-9.0603,42.7762,43.84,87,0,6.96
marawi,168.3333,-46.6,57.79,60,65,11.88
castro,-75.4557,43.2128,4.87,78,0,6.91
ust-nera,147.3294,-42.8794,74.26,61,75,5.99
price,-114.3525,62.456,4.41,89,100,5.75
ngukurr,128.9167,-3.3333,88.34,60,99,6.82
mayor pablo lagerenza,59.5289,22.5667,69.01,47,0,4.25
kimbe,103.6167,-1.6,86.94,55,98,4.38
comodoro rivadavia,65.3175,55.2822,10.4,92,100,11.97
mitsamiouli,-118.7774,39.4735,33.28,64,0,6.91
kodiak,-114.0611,27.9769,62.28,57,100,5.95
bergen,30.7861,59.7035,24.87,93,100,9.98
vanimo,150.7967,-2.5744,83.91,74,79,7.78
muros,82.4667,65.7,-3.69,97,100,17.52
bluff,128.7333,-15.7667,91.38,62,40,14.97
roma,19.1167,-24.1333,75.96,45,23,7.58
hobart,105.15,9.1769,88.2,52,52,7.47
yellowknife,55.4781,-21.3393,73.18,56,15,9.22
amahai,147.9167,70.6333,-27.09,95,33,12.59
sur,-133.0374,69.4541,-7.6,77,0,17.27
jambi,-156.47,20.8947,80.62,66,40,12.66
lesnikovo,55.7679,-21.3585,72.99,61,17,7.27
fallon,136.501,36.0617,43.16,82,83,5.08
barawe,158.6483,53.0452,19.99,38,75,4.47
guerrero negro,12.6934,67.667,38.12,75,80,6.6
nikolskoye,-72.225,7.7669,71.78,88,95,1.41
attawapiskat,-81.2719,-4.5772,71.04,85,100,11.36
kavieng,-76.5119,38.8876,26.94,55,0,4.0
krasnoselkup,60.6069,53.2115,17.08,94,100,9.28
kununurra,104.2122,18.2418,82.98,32,4,1.86
aranos,24.7314,-34.0033,63.88,95,57,3.11
ca mau,-22.4338,63.8424,30.67,86,0,10.36
saint-pierre,-112.8333,31.85,53.53,27,100,4.07
chokurdakh,27.4306,66.7131,15.01,97,100,2.48
tuktoyaktuk,2.5975,8.8865,70.25,20,0,3.56
kahului,-45.3439,-9.8317,69.6,92,70,2.59
saint-philippe,-106.4011,53.2168,20.43,83,83,14.32
katsuyama,-60.2798,-38.3739,54.16,71,1,5.35
petropavlovsk-kamchatskiy,105.823,32.442,46.11,60,100,7.29
sorland,80.5464,73.5069,11.61,92,100,27.72
san cristobal,65.8938,56.8937,7.07,90,97,10.54
nizhneyansk,-72.4167,-35.3333,56.75,93,7,4.29
talara,57.5281,65.9939,9.39,96,93,10.49
mayo,105.4405,28.8724,47.3,92,100,2.57
sorvag,113.2792,46.6806,1.24,75,6,8.84
olkhovka,-124.1573,40.5982,45.93,94,100,1.01
ban nahin,122.4989,-3.945,88.43,59,100,5.44
kruisfontein,-69.2181,-51.6226,57.25,54,0,13.8
grindavik,68.5094,43.5206,33.08,41,0,8.08
sonoita,-61.7485,12.0564,76.68,83,40,9.22
kemijarvi,92.75,11.6667,82.44,69,40,10.36
sentyabrskiy,50.8122,9.4942,71.87,70,92,13.67
tchaourou,-121.3011,37.9333,53.29,75,0,5.75
gilbues,-6.3865,58.2093,43.03,77,75,5.01
shellbrook,-124.2243,43.4065,45.12,99,0,0.0
tres arroyos,116.3117,35.9122,40.66,40,77,8.23
guangyuan,127.4739,63.9242,-18.67,90,100,3.44
dikson,158.6667,57.8,5.9,92,100,7.7
bogandinskiy,-70.0995,41.2835,24.91,54,20,16.11
constitucion,134.0833,-0.8667,83.46,70,100,5.84
usinsk,-165.4064,64.5011,-18.33,76,0,0.0
luzhou,135.5833,34.7333,51.19,50,75,9.22
baruun-urt,102.2797,60.34,-8.77,94,71,0.83
fortuna,24.6663,48.7717,27.97,81,98,8.3
kendari,139.8,36.3,55.04,26,7,3.13
rio gallegos,-62.9967,-40.8135,59.59,65,0,1.61
kentau,-121.895,37.3394,56.82,73,0,0.0
saint-georges,-67.81,-9.9747,77.61,94,0,0.0
port blair,114.8794,40.81,15.75,51,1,5.95
tabiauea,147.0587,-42.7826,73.9,53,86,1.99
bandarbeyla,121.9,-33.8667,67.59,76,99,11.16
tsihombe,-56.0522,-34.8603,66.34,63,40,20.71
san joaquin,-63.8628,11.0333,78.53,73,2,8.05
stornoway,114.0833,71.9167,-14.46,93,46,5.44
north bend,21.0367,56.5419,39.25,93,0,6.91
zhoucheng,124.9112,1.3038,82.49,70,83,4.32
sangar,57.7625,-20.2078,80.1,67,21,12.39
tigil,-15.2082,64.2539,30.94,52,100,6.33
nantucket,74.45,14.2833,78.35,56,3,3.44
manokwari,-1.7554,4.8845,77.41,88,1,4.23
nome,-101.865,54.7682,-6.43,84,21,11.43
kadoma,-7.7169,4.375,78.39,82,16,5.88
samusu,48.3558,33.4878,53.22,30,100,13.8
vanavara,-57.5575,-38.0023,64.09,69,75,5.99
tysmenychany,-6.6363,4.7485,76.69,87,6,4.27
oyama,78.4932,30.6945,41.67,25,2,3.85
viedma,-41.0511,-21.6403,74.91,86,4,18.05
lephepe,-117.0333,32.3333,58.15,59,4,0.63
san jose,114.1577,22.2855,72.18,89,41,1.01
rio branco,12.1522,-15.1961,75.6,83,100,3.2
zhangjiakou,32.554,25.2934,46.42,61,0,8.7
candawaga,96.37,61.67,-13.45,100,64,1.01
new norfolk,-46.2214,-23.3156,74.5,93,62,4.0
esperance,-108.5007,45.7833,35.51,61,75,6.91
paso de carrasco,-102.2,17.9583,74.71,77,38,1.66
la asuncion,-17.9182,28.6585,56.95,76,75,8.01
saskylakh,-91.9167,14.3,78.04,74,6,4.23
maghama,140.3,35.1333,53.19,58,100,11.01
liepaja,21.5482,29.0331,49.96,65,81,6.89
tondano,119.2889,42.0372,20.53,30,0,10.67
quatre cocos,8.5167,8.4833,71.2,21,22,2.37
hofn,-45.2371,60.1432,25.9,95,98,20.18
honavar,31.6667,-21.05,71.28,96,99,7.65
takoradi,125.4092,-8.9266,73.27,63,87,5.66
flin flon,-79.2353,42.097,8.19,85,0,6.91
harper,-60.7,-31.6333,76.01,82,82,8.99
khorramabad,45.1914,-12.9067,82.15,78,100,11.5
barentsburg,-73.1273,-41.768,58.21,79,0,9.19
mar del plata,10.0,-2.65,75.67,90,93,6.35
san-pedro,-135.0107,68.2191,-3.28,97,100,3.85
ginda,-151.75,-16.4833,80.94,77,26,18.61
sao joao da barra,57.7,-20.4081,80.26,88,40,4.61
rosarito,73.0833,-0.6,81.93,74,91,21.3
victoria,-82.9752,41.3042,6.39,81,16,7.7
namibe,37.1841,35.3029,38.37,90,100,12.19
esna,3.3168,14.3521,60.96,17,29,12.75
baykit,27.214,51.2796,31.06,98,100,8.88
santa isabel,169.8464,-46.2817,59.94,52,59,13.4
billings,-105.5022,44.2911,31.05,66,100,8.99
lazaro cardenas,-104.7833,20.5167,56.32,78,97,2.68
los llanos de aridane,-48.4172,-10.7081,71.6,92,100,1.12
champerico,16.4333,-28.55,63.52,87,91,15.17
katsuura,166.1,60.4667,24.75,89,100,13.4
jalu,-80.9737,32.0036,46.98,79,0,6.91
pingzhuang,27.6833,47.1167,31.68,92,100,2.3
lafia,102.6414,37.9281,24.69,48,100,1.88
nanortalik,46.4667,14.4,59.11,50,1,1.61
chiredzi,113.6333,-24.8667,82.47,65,75,13.8
airai,140.3861,40.8061,32.85,72,99,19.6
jamestown,-3.4023,50.6172,47.75,89,100,12.53
santa fe,-73.3579,41.1415,22.75,55,0,5.01
bandrele,-27.9833,39.05,58.8,80,38,11.05
calbuco,-57.6017,-19.0047,78.84,67,99,1.19
gamba,108.7512,50.3643,1.53,91,80,0.96
aklavik,161.3,68.75,-43.33,99,36,3.96
faanui,-75.978,36.8529,32.0,56,0,13.8
mahebourg,12.2,-5.55,76.23,90,69,4.45
hithadhoo,-8.1588,42.0304,38.93,76,0,4.27
clyde,-179.1667,66.3167,-10.93,96,100,1.97
toliary,-82.7369,42.6811,12.34,79,0,6.91
abu samrah,27.0,-5.3833,69.46,97,100,1.81
filingue,129.4833,28.3667,65.32,73,92,4.09
rokytne,165.15,-21.35,83.48,69,57,12.08
kaitangata,-173.3,64.3833,-3.64,71,75,4.47
gillette,29.4648,-25.7751,57.81,94,51,5.93
mascota,-59.5167,13.2167,72.21,88,20,8.05
porto nacional,117.6556,24.5133,67.93,73,86,1.5
oranjemund,91.6419,48.0056,-6.7,82,98,2.19
mullaitivu,-53.4616,-33.6971,69.87,86,92,18.19
tilichiki,-1.6435,49.6261,45.09,76,100,12.66
wilmington island,-52.9,65.4167,14.38,91,100,7.07
tomesti,-97.5169,28.017,55.38,77,88,9.89
wuwei,8.0859,45.5871,47.26,40,21,2.95
marzuq,141.6739,45.4094,22.98,74,75,12.66
carnarvon,37.8039,46.6311,28.44,72,98,6.22
kizukuri,-54.3333,-34.4833,66.15,77,100,16.4
exmouth,57.6819,36.2126,36.68,65,40,9.22
westport,-5.5764,7.6736,71.38,24,1,0.54
lagoa,29.4241,-30.5472,59.49,86,3,3.49
ladario,129.5531,33.3597,55.38,54,86,7.94
krasnyy chikoy,-2.9287,35.174,53.85,58,0,6.91
cherskiy,17.9442,-33.0117,59.05,92,0,11.65
saryshagan,141.9667,-38.2667,74.39,89,50,10.36
virginia beach,64.4819,61.6789,4.08,97,100,5.57
cabinda,48.4845,8.4054,61.63,79,76,7.58
vila,60.3411,52.4153,18.93,97,100,7.0
egvekinot,57.7575,-20.3428,80.22,88,40,4.61
new baltimore,108.2208,16.0678,82.38,65,20,2.3
kongolo,140.8333,35.7333,54.28,51,94,10.31
naze,41.867,3.9366,73.13,34,50,6.08
poya,121.9702,20.4487,75.11,84,100,22.06
provideniya,126.9778,37.5683,38.59,37,40,8.05
middelburg,-89.7668,44.9,12.72,70,0,1.01
bathsheba,-72.7439,-8.2686,71.65,98,87,2.89
zhangzhou,-25.4333,37.7167,58.19,80,18,8.61
hovd,-35.4608,-5.1989,77.9,79,100,10.0
chuy,42.4509,18.3851,53.71,58,32,5.57
octeville,72.642,10.5669,77.58,66,91,10.92
maniitsoq,-45.25,-5.5,72.12,97,100,0.81
san patricio,-103.6833,18.7333,78.28,77,100,2.98
biella,-156.7887,71.2906,-11.18,70,0,17.27
wakkanai,-10.5667,8.2833,64.26,83,13,1.3
dolzhanskaya,8.7815,-0.7193,80.1,80,100,10.45
rocha,45.0367,12.7794,75.45,75,100,8.37
sabzevar,24.6667,14.2,47.82,32,100,12.24
beoumi,-117.136,58.5169,6.33,99,49,2.39
kokstad,150.8552,-34.5833,83.17,62,5,7.0
hirado,49.05,-13.2,74.93,89,83,1.86
nador,15.6401,78.2186,8.44,66,75,2.3
saldanha,38.4167,-11.3667,71.92,93,100,2.35
codrington,116.7272,36.5575,38.23,38,53,9.28
kommunisticheskiy,-9.3811,39.3558,54.88,66,72,10.31
garowe,-76.2281,3.2499,69.93,95,100,1.48
bredy,50.0369,26.5733,64.38,63,0,18.03
bambous virieux,87.9833,65.8167,-6.2,93,100,15.3
turan,56.6244,52.7161,6.19,99,99,3.87
hasaki,173.2833,-41.2833,69.8,60,29,11.05
mandera,-89.6667,21.2833,74.1,79,37,11.5
basco,108.2082,-7.3817,83.44,72,100,1.57
seoul,-70.2148,44.1003,7.48,62,0,3.44
marathon,156.125,50.6789,25.83,67,88,28.79
porto walter,-8.1528,43.5167,44.83,87,7,6.08
vila franca do campo,167.4833,-22.6667,78.26,83,76,18.21
touros,-122.143,37.4419,57.18,73,0,1.01
mys shmidta,149.2,-21.15,80.69,74,100,2.3
faya,-117.612,33.427,61.11,67,99,1.01
kavaratti,30.25,1.5667,65.93,46,100,2.51
barra do corda,-124.1637,40.8021,46.2,85,0,4.29
coahuayana,-34.8086,-7.4706,75.79,81,90,8.93
chagda,-7.1664,62.1564,34.72,75,75,19.57
barrow,-169.9187,-19.0595,84.09,74,21,9.22
kailahun,103.2064,35.6003,20.79,89,100,5.08
port-gentil,13.4055,-12.5763,75.94,86,99,0.45
umzimvubu,19.9167,-11.7833,60.6,97,98,3.27
aden,-23.7142,64.8945,34.3,61,100,6.85
kutum,111.4951,-6.7988,84.76,70,100,8.99
high level,21.9333,-21.5333,67.77,81,97,5.55
flinders,-105.25,19.9333,67.15,82,96,3.11
ambilobe,-68.0591,-38.9516,71.49,40,0,10.36
longyearbyen,39.9086,-16.2325,74.71,89,100,5.28
masuguru,-100.5167,21.3,59.61,88,37,6.08
changqing,-56.1549,72.7868,2.19,86,100,0.76
peniche,132.5894,34.3442,49.12,50,82,0.76
kadykchan,44.6472,45.8208,23.4,97,100,3.22
miranda,-105.2,20.7,70.23,88,20,0.0
tarut,111.9753,49.5776,5.02,72,23,3.04
turukhansk,-70.2286,41.7057,21.96,61,0,21.0
mrakovo,2.6,46.3333,25.68,82,2,1.88
nelson,-59.2626,-29.14,76.17,87,92,9.75
progreso,-158.0072,21.3156,78.75,56,40,11.99
kawalu,-73.8371,40.9126,23.9,50,0,7.0
lewiston,-24.4956,14.8961,73.67,72,94,13.56
severo-kurilsk,-74.8492,49.7834,-15.02,85,64,13.82
naron,-46.3003,-9.4467,71.22,90,79,3.4
vao,-50.2056,-30.1811,74.44,95,100,6.2
palo alto,143.2092,-9.0763,84.85,74,99,8.01
mackay,155.6333,-6.2167,82.22,78,97,5.61
san clemente,-72.0662,-45.5752,56.01,66,0,0.98
bunia,106.9816,13.4878,90.48,34,30,4.25
eureka,-59.95,3.0833,78.98,65,59,6.91
pitimbu,127.7558,26.1842,73.45,66,75,9.22
vestmanna,-71.3436,-29.9533,60.53,82,0,3.44
alofi,10.25,19.75,47.26,45,15,10.63
linxia,22.4617,-33.963,62.15,100,100,2.3
benguela,20.4061,51.1917,33.24,96,100,12.88
luena,-110.2167,23.45,70.66,53,2,3.85
olafsvik,8.5667,7.3833,71.87,23,5,3.31
gambiran,53.3463,47.6469,25.57,88,100,12.1
dekar,-122.5029,52.9999,14.5,92,20,0.0
tomatlan,-51.7216,64.1835,20.01,42,20,8.05
neuquen,-13.0499,20.5169,61.5,53,42,9.28
angoche,119.9327,54.4253,-3.1,86,95,2.59
san luis de la paz,-0.0113,8.4689,74.01,18,0,1.28
upernavik,-73.8836,9.9689,80.38,59,81,2.46
kumano,37.3574,50.8523,-0.2,100,100,3.02
iki-burul,73.0,5.6667,79.09,61,100,9.37
ixtapa,35.3472,-23.8597,77.49,87,85,7.96
kyra,-65.3614,-10.8368,74.14,93,98,3.47
yarmouth,-59.5333,13.0667,71.69,88,20,8.05
montlucon,-84.5333,39.1834,17.73,69,0,0.0
goya,-64.6167,18.4167,77.04,78,40,6.91
ewa beach,-174.35,-19.8,87.91,66,20,6.91
suzu,-124.25,54.4333,25.68,97,100,1.99
mount vernon,29.7333,52.6333,17.73,96,98,7.78
barbar,133.385,67.5447,-16.71,99,92,2.37
sao filipe,-57.1,-25.0667,78.55,82,49,5.95
chapais,-52.7314,47.6666,28.76,96,100,14.97
sayanskiy,48.8989,63.4564,-2.43,100,99,3.29
morros,135.315,54.7183,0.01,86,100,13.53
cidreira,-65.0192,-0.4139,73.67,98,97,1.19
wulanhaote,-38.8828,-15.8631,73.9,86,99,5.1
daru,-10.0711,20.5022,61.3,17,19,5.66
kieta,-147.8028,64.8569,-7.65,76,20,0.0
coihaique,111.9667,21.85,74.59,69,29,7.05
lumphat,122.7875,-0.9516,85.75,75,94,2.01
bonfim,105.3196,50.6114,-1.16,89,39,2.15
nishihara,124.9104,56.8479,-2.65,92,100,10.16
coquimbo,7.2,53.6,43.92,84,100,29.04
agadez,-3.8873,36.7585,58.98,59,98,8.01
marcona,40.9875,41.1911,40.96,97,100,8.81
george,-53.4641,68.3065,3.74,85,100,15.23
konskie,135.9833,33.7333,52.79,44,99,3.27
todos santos,16.3639,44.1794,25.48,79,45,4.36
yaan,136.6669,51.1983,4.21,88,100,4.09
makat,50.2788,-14.9003,76.03,77,67,6.6
quesnel,36.8333,7.6667,60.37,59,60,0.58
nuuk,-39.6275,-5.7431,69.8,95,100,0.38
atar,-105.2842,55.1001,5.22,72,20,6.91
tupik,-71.1419,21.4612,77.47,74,0,12.86
kpandae,112.4,66.4167,-10.19,87,45,4.47
bosconia,-42.8186,-22.9194,84.15,78,75,5.28
yablonovo,70.9181,26.9147,60.66,17,0,1.9
ugoofaaru,150.6667,-10.6167,83.86,75,100,2.51
maxixe,-64.7114,-3.3542,73.08,98,96,1.68
guayaramerin,80.2644,41.1231,28.22,44,0,1.1
oistins,126.1333,7.9833,84.33,72,50,4.52
hamilton,124.1572,24.3448,75.33,69,40,11.5
road town,122.6711,10.9995,85.86,70,95,10.13
pangai,-94.4337,49.8167,17.58,73,100,12.66
fort saint james,65.4167,28.5833,48.16,32,0,6.46
svetlogorsk,-59.7833,8.2,68.45,84,91,2.57
verkhoyansk,115.8257,22.8134,69.94,75,29,11.14
arroyos y esteros,-158.0858,21.3469,79.12,57,0,12.66
torbay,-91.917,50.1001,17.98,79,100,14.97
koslan,-55.0833,5.8833,77.02,86,15,5.73
chumikan,-52.3333,4.9333,73.44,100,75,4.61
santa isabel do rio negro,45.05,-25.1667,72.12,75,0,9.62
belmonte,-8.5395,39.4811,53.42,83,15,6.64
adrar,-133.7218,68.3499,-3.24,77,100,9.22
college,-1.4396,41.9395,34.61,71,0,5.64
yangjiang,160.7034,-8.7676,81.28,77,100,7.29
karaul,149.85,-29.4667,75.22,78,100,14.97
luwuk,84.8667,47.4667,5.41,96,100,2.73
petropavlovka,-119.1951,34.1478,63.52,71,0,0.0
chulman,-46.05,60.9167,23.22,69,99,17.65
norden,12.6316,66.0217,37.38,95,100,3.0
nerja,29.0864,70.8578,24.94,80,100,13.02
ardesen,22.2247,-10.7073,64.2,96,100,2.95
kangaatsiaq,44.4191,54.0257,-5.26,100,100,5.21
shingu,2.4183,6.3654,75.18,78,0,1.14
bosansko grahovo,10.2406,-0.7001,73.18,95,100,3.09
gorin,-80.2041,44.0787,9.05,79,51,12.82
antalaha,53.7067,56.012,8.46,94,100,9.35
jimma,119.1506,39.7042,28.74,51,3,1.23
sinkat,39.246,53.7883,-2.85,100,98,3.31
mombaca,-77.5714,40.5992,18.39,92,0,0.0
la ronge,127.4,0.8,87.03,62,97,2.1
cockburn town,117.0603,39.3639,31.98,36,5,8.46
udachnyy,-151.2583,60.5544,25.14,74,100,11.5
marica,112.5578,59.4511,-1.52,93,89,4.32
jaisalmer,81.0833,22.95,56.35,44,0,4.92
keshan,111.5,66.0,-3.84,80,74,7.96
samarai,135.8667,-34.7333,77.54,62,5,8.12
tefe,43.8894,4.1213,65.12,77,64,14.07
aksu,125.4808,12.2188,82.31,73,66,13.87
salvacion,57.6608,-20.0064,80.38,60,17,5.01
ishigaki,57.0801,27.1467,49.5,46,0,1.54
dingle,177.4833,64.75,-11.94,97,100,3.15
kenora,33.5867,-16.1564,73.49,100,75,3.0
kharan,104.4556,52.5861,7.18,91,42,3.13
mabaruma,-17.0347,20.931,60.78,88,0,17.27
jieshi,123.6953,10.1476,85.96,78,23,10.07
makakilo city,113.2248,-8.1335,85.95,68,100,3.18
sioux lookout,59.6062,36.297,33.94,60,40,0.0
nieuw amsterdam,13.5031,68.1214,37.22,74,96,7.92
cayenne,167.8833,-21.55,80.64,78,97,3.98
beloha,111.8167,2.3,77.31,94,40,5.01
torres novas,24.8074,56.7207,35.19,87,100,7.16
inuvik,102.3333,13.75,89.87,39,31,1.57
cortes,51.5333,25.2867,66.09,91,0,5.75
auki,20.9714,70.0311,29.7,64,100,4.07
moree,74.6333,26.45,55.56,35,0,2.42
zaysan,-115.95,30.4833,57.72,70,95,7.02
port hueneme,-149.15,-17.7333,84.22,78,38,15.48
narsaq,-6.589,62.2266,36.52,69,100,29.19
sandnessjoen,72.9333,0.5333,81.45,71,95,17.49
berlevag,124.284,-9.8607,82.31,58,73,5.7
luau,-8.3327,40.1629,46.81,77,63,5.44
kadoshkino,35.2881,36.985,44.62,36,75,10.36
cotonou,86.1469,41.7597,26.8,53,0,1.48
khonuu,122.8766,-0.9131,84.11,69,94,2.17
lambarene,38.6637,31.6725,35.85,93,0,18.41
shelburne,-98.8083,19.2167,62.02,66,4,3.8
karakulino,-40.2925,-20.3297,74.95,84,0,2.3
changli,-97.0667,15.85,79.63,73,20,0.0
pavelets,97.2,40.2833,24.87,35,90,10.0
lewistown,-42.0278,-22.9661,75.09,86,10,22.08
ternate,-22.9167,16.1833,68.56,78,100,24.45
yangcun,121.753,24.757,76.86,70,5,5.17
kenai,124.7333,52.3333,8.94,62,2,10.58
vitim,-77.0636,26.5412,73.54,78,34,10.98
dindori,-71.6273,-33.0393,59.92,82,0,1.14
aykhal,-113.5841,37.1041,44.35,39,0,1.01
port lincoln,-74.9547,10.9878,78.89,81,6,25.52
xuddur,123.5833,-10.1667,79.38,94,75,4.61
alugan,94.7667,28.1667,54.07,90,100,1.59
grand gaube,-17.3389,66.0449,31.91,77,100,3.98
minab,-18.5286,65.9702,31.93,81,100,6.04
anadyr,-4.2167,51.0333,48.61,89,100,17.65
tete,166.4372,68.0546,-28.3,95,54,2.8
oyek,46.6333,-16.1,73.54,90,98,4.65
nouadhibou,-110.0298,34.2542,30.65,62,0,5.75
balud,-70.7581,-28.5708,67.86,65,0,3.27
lumajang,114.3289,36.0994,36.7,43,99,6.42
mashhad,-58.3772,-34.6132,62.96,71,0,11.5
gravdal,98.7792,1.7427,84.76,60,72,3.87
tadine,58.5334,22.6906,64.02,42,0,1.99
sibu,-70.4833,-25.4,65.52,85,28,2.42
lielvarde,109.1591,11.9214,84.16,51,20,13.8
ust-kamchatsk,37.4667,12.6,54.91,45,48,4.92
sa kaeo,-27.0667,38.7333,57.45,94,75,11.21
doha,120.7333,49.2833,-4.18,94,100,5.37
skjervoy,74.4859,65.85,-1.1,98,100,9.33
ajmer,-80.0333,0.6,75.88,88,54,2.73
san quintin,36.9856,-16.8392,72.91,92,100,4.29
tautira,-66.7667,-18.9,47.52,80,100,2.59
klaksvik,-85.1999,32.3502,45.68,40,0,6.91
thinadhoo,-80.6676,26.6845,71.98,94,42,8.19
soe,15.8999,-0.4819,69.78,86,32,2.84
bolungarvik,151.65,-30.5167,68.81,65,98,6.53
mrirt,128.1333,51.4,4.78,73,6,8.97
malwan,12.3689,-6.1349,76.89,87,81,5.37
lata,23.5333,37.75,41.38,52,0,9.26
adana,65.8081,66.8014,5.79,93,100,3.4
korla,-147.7164,64.8378,-7.64,77,0,0.0
biak,128.8694,71.6872,-0.15,87,64,15.46
turayf,-100.0502,51.1494,17.74,93,100,20.71
miraflores,152.4333,62.8833,-31.38,98,73,0.96
marv dasht,31.1107,70.3705,14.2,73,100,12.33
vila velha,-70.7656,-8.1614,71.53,96,98,2.59
yunjinghong,123.3711,66.7697,-19.35,100,68,6.71
puerto escondido,70.177,24.6997,64.11,18,0,3.89
nguiu,-3.621,40.1591,46.15,62,7,6.67
yumen,-53.7767,5.6592,74.77,88,46,5.53
arraial do cabo,146.4167,68.5333,-33.39,98,14,6.69
duz,147.8833,45.2333,25.75,56,100,9.71
chikoy,153.6833,67.45,-40.92,100,41,2.35
sal rei,91.8167,56.1667,1.81,95,90,2.66
yilan,79.6,22.6,55.83,46,0,4.05
tahe,-47.9297,-15.7797,67.12,88,40,4.61
marsh harbour,-151.75,-16.5167,80.96,77,27,18.61
valparaiso,111.9606,51.7435,-3.06,92,95,2.51
saint george,-93.218,45.0205,29.1,75,100,5.99
puerto colombia,20.6473,8.4109,69.8,25,100,8.59
kupang,16.1194,69.3143,29.07,86,100,5.75
along,75.9667,29.1,55.09,55,0,5.39
husavik,-122.5212,47.6262,37.65,89,75,1.01
dalvik,29.4833,59.4333,23.56,95,100,9.73
northam,113.9333,-7.05,84.76,72,100,12.24
bilibino,18.6,-4.55,68.14,95,100,1.79
marovoay,85.5214,27.6298,44.92,87,20,3.44
show low,-86.3333,34.3834,32.41,60,0,4.07
vallenar,-60.1458,-12.7406,69.04,98,98,3.24
anyang,-119.2895,45.8404,34.45,83,100,3.44
buenos aires,62.6,30.15,49.23,31,0,5.84
sibolga,24.2968,-17.4759,65.98,98,100,5.93
ibra,40.3021,51.1421,-4.18,100,100,3.06
taltal,24.9333,37.8333,43.74,60,93,13.89
cam ranh,15.9333,-21.4333,73.63,51,16,1.05
gondar,156.5167,51.5,18.63,91,76,12.95
praia da vitoria,-58.7368,-38.5473,62.04,58,0,13.67
yakeshi,-57.76,-2.5364,72.54,99,100,2.57
pangody,114.0089,4.4148,80.74,89,40,4.61
muisne,116.8463,-20.7377,90.3,45,0,19.04
mocuba,-123.1107,45.5198,41.05,80,0,1.01
challapata,10.3316,36.8611,42.66,71,0,4.7
russell,21.7833,-21.5667,67.86,79,92,5.14
belle glade,142.9671,53.5102,-3.86,88,40,13.35
owando,-7.479,11.417,68.45,13,24,4.56
halalo,34.0401,41.0155,10.69,90,16,4.25
armidale,77.5833,34.1667,-2.52,86,99,2.86
kobojango,92.0667,49.9811,-12.96,96,100,2.55
svobodnyy,11.0482,12.871,58.59,26,3,13.31
soyo,147.1667,-41.45,71.24,82,75,4.0
ayia marina,71.4789,60.0625,4.32,93,100,6.6
kharp,-72.0334,42.0751,15.26,60,0,3.56
fairbanks,175.5153,-41.4122,63.45,52,61,17.9
tiksi,-48.5531,-27.1578,80.58,92,88,4.16
dauphin,-73.8203,-41.8697,56.73,76,0,1.03
seymchan,32.9,-2.5167,68.05,88,20,6.91
vardo,-10.7969,6.3005,78.39,79,15,2.15
tarauaca,20.7447,-8.4192,63.46,96,100,2.33
zhigansk,13.2393,38.1711,46.26,84,20,5.75
islamkot,-7.3528,4.423,78.17,82,13,4.94
ciempozuelos,23.0412,69.0125,3.36,98,100,1.7
mana,156.8419,-8.103,83.77,73,100,12.59
belaya gora,114.5636,29.0361,43.0,92,100,4.0
kurilsk,103.5333,-3.8,79.45,89,100,3.11
srednekolymsk,118.7353,9.7392,80.15,86,100,9.26
kedrovyy,6.3542,59.6506,45.68,98,100,10.56
lakhnadon,-122.4869,37.6138,57.11,76,0,1.01
brasilia,60.0578,57.7831,11.41,90,98,6.91
vaitape,-2.6636,56.6378,46.67,64,51,18.77
mogzon,8.9881,13.8072,56.12,24,0,13.76
